IGA Xpress Melbourne (Commercial Rd),"19 Commercial Road,Melbourne,VIC 3000"
South Yarra IGA X-press,"113-115 Toorak Road,South Yarra,VIC 3141"
Toorak Road IGA,"172-174 Toorak Road,South Yarra,VIC 3141"
IGA Xpress South Melbourne (Park St),"36-38 Park St,South Melbourne,VIC 3205"
IGA Middle Park,"19-21 Armstrong Street,Middle Park,VIC 3206"
IGA East Melbourne,"416-446 Victoria Parade Shop 2,East Melbourne,VIC 3002"
IGA Xpress Melbourne (Lonsdale Street),"35-41 Lonsdale Street,Melbourne,VIC 3000"
IGA Abbotsford,"306-310 Johnston Street,Abbotsford,VIC 3047"
IGA Xpress Melbourne (Flinders Street),"84 Flinders Street,Melbourne,VIC 3000"
IGA Fitzroy,"424 Brunswick Street,Fitzroy,VIC 3065"
SUPA IGA North Melbourne,"20 - 26 Errol Street,North Melbourne,VIC 3051"
IGA Xpress North Melbourne,"75 Flemington Road,North Melbourne,VIC 3051"
IGA X-press 370 Queen Street,"370 Queen Street,Melbourne,VIC 3000"
IGA Melrose,"23 Melrose Street,North Melbourne,VIC 3051"
IGA Xpress Docklands,"20 Rakaia Way New Quay,Docklands,VIC 3008"
IGA Xpress Southbank (Clarendon St),"63-65 Whiteman St,Southbank,VIC 3006"
IGA Xpress Freshwater Place,"6 Freshwater Place,Southbank,VIC 3006"
IGA Xpress Southbank,"89 City Road,Southbank,VIC 3006"
IGA Sturt Street Plus Liquor,"151 Sturt Street,South Melbourne,VIC 3205"
IGA Xpress Melbourne (Queen St),"85 Queen Street,Melbourne,VIC 3000"
IGA Xpress Melbourne (Collins St),"470 Collins Street,Melbourne,VIC 3000"
IGA Xpress Yarras Edge,"54 River Esplanade,Docklands,VIC 3008"
IGA X-press Carlton,"103 - 107 Lygon Street,Carlton,VIC 3053"
SIMS IGA Plus Liquor Footscray,"511 Barkly St,West Footscray,VIC 3012"
IGA Yarraville,"12-14 Anderson Street,Yarraville,VIC 3013"
IGA Kensington Plus Liquor,"16-22 Smithfield Rd,Kensington,VIC 3031"
IGA East Altona,"57-63 The Circle,East Altona,VIC 3025"
IGA Xpress Moonee Ponds,"118-124 Maribyrnong Road,Moonee Ponds,VIC 3039"
IGA Newport Plus Liquor,"2-6 Mason Street,Newport,VIC 3015"
IGA Xpress Port Melbourne,"103 Beach Street,Port Melbourne,VIC 3207"
IGA Altona Plus Liquor,"103-110 Pier Street,Altona,VIC 3018"
IGA Sunshine West,"10 Tallintyre Road Shop 5,West Sunshine,VIC 3020"
IGA Laverton Plus Liquor,"10 Aviation Road,Laverton,VIC 3028"
IGA Xpress Sunshine North,"63 Northumberland Road,Sunshine North,VIC 3020"
IGA Keilor East,"9-11 Centreway,Keilor East,VIC 3033"
SUPA IGA Saint Albans,"16-18 East Esplanade,St Albans,VIC 3021"
Morgan's Supa IGA Delahey,"Cnr Fitzgerald & David Drive,Delahey,VIC 3037"
Morgan's Supa IGA Glengala,"475 Fitzgerald Road,Sunshine West,VIC 3020"
IGA Deer Park,"8 Hatchlands Drive,Deer Park,VIC 3023"
IGA Wyndham Vale Plus Liquor,"50 Honour Avenue,Wyndham Vale,VIC 3024"
Werribee IGA,"92-94 Cottrell Street,Werribee,VIC 3030"
SUPA IGA Werribee,"Shaws Rd & Tarneit Rd,Werribee,VIC 3030"
IGA Hoppers Crossing,"2-6 Deloraine Avenue,Hoppers Crossing,VIC 3029"
IGA Point Cook,"Shop 7/13 Adelphi Blvd,Point Cook,VIC 3030"
IGA Saltwater,"165 Saltwater Promenade,Point Cook,VIC 3030"
Travancore IGA plus Liquor,"Lot 5/50 Mt Alexander Rd,Travancore,VIC 3032"
IGA Xpress Airport West,"55-57 McNamara Avenue,Airport West,VIC 3042"
Boundy's SUPA IGA Buckley Street,"347 Buckley Street,Essendon West,VIC 3040"
IGA Xpress Strathmore,"1 Lloyd Street,Strathmore,VIC 3041"
IGA Xpress West Brunswick,"2-6 Olive York Way,Brunswick West,VIC 3055"
IGA Xpress Strathmore (Mascoma St),"154-156 Mascoma Street,Strathmore,VIC 3041"
Claudio's IGA Westmeadows,"Fawkner Street,Westmeadows,VIC 3049"
IGA Xpress Pascoe Vale,"110-112 Kent Road,Pascoe Vale,VIC 3044"
Piedimonte's IGA Pascoe Vale,"366 - 368 Bell Street,Pascoe Vale,VIC 3044"
IGA Fawkner,"38/44 Bonwick Street,Fawkner,VIC 3060"
IGA Xpress Fawkner,"56 -58 Major Road,Fawkner,VIC 3060"
IGA X-press Broadmeadows,"10-12 Olsen Place,Broadmeadows,VIC 3047"
Morgan's SUPA IGA Meadow Heights,"25/55 Cnr Paringa Boulevard & Hudson Street,Meadow Heights,VIC 3047"
IGA Xpress Grand Boulevard Craigieburn,"27-29 Princes Circuit,Craigieburn,VIC 3064"
IGA Green Square Plus Liquor,"609 Victoria Street,Abbotsford,VIC 3067"
IGA Xpress Richmond,"518 Bridge Road,Richmond,VIC 3121"
Renaissance Square IGA,"102 Burwood Road,Hawthorn,VIC 3122"
Exhibition Street IGA X-press,"333 Exhibition Street,Melbourne,VIC 3000"
IGA X-press Princes Hill,"1-9 Lygon Hill,Princes Hill,VIC 3054"
IGA Xpress Ettaro Plus Liquor,"21/27 Brunswick Road,Brunswick,VIC 3057"
IGA Xpress Brunswick East,"326-328 Lygon Street,Brunswick,VIC 3057"
Piedimonte's SUPA IGA North Fitzroy,"37 - 49a Best Street,North Fitzroy,VIC 3068"
SUPA IGA Brunswick,"614 Sydney Road,Brunswick,VIC 3056"
IGA Xpress Moreland Road,"360 Moreland Road,Brunswick West,VIC 3055"
IGA Coburg,"12-20 Nicholson Street Shop 1,Coburg,VIC 3058"
IGA Thornbury,"141 Miller Street,Thornbury,VIC 3071"
IGA Xpress Preston,"392-398 Gilbert Road,Preston,VIC 3072"
SUPA IGA Reservoir,"26-30 Edwardes St,Reservoir,VIC 3073"
IGA Northcote,"284-288 High Street,Northcote,VIC 3070"
Station Street IGA,"140 Station Street,Fairfield,VIC 3078"
Thomastown SUPA IGA,"122 Main Street,Thomastown,VIC 3074"
IGA Mercato Thomastown,"275 High Street,Thomastown,VIC 3074"
IGA Epping,"53 McDonalds Road Shop 1,Epping,VIC 3076"
IGA Xpress Eaglemont,"87 Silverdale Road,Eaglemont,VIC 3084"
IGA Rosanna,"90 Lower Plenty Road,Rosanna,VIC 3084"
Boccaccio SUPA IGA,"1030 -1038 Burke Road,Balwyn,VIC 3103"
Lee's SUPA IGA Watsonia,"Corner of Orana and Kardinia Streets,Watsonia,VIC 3087"
Andres SUPA IGA Watsonia,"97 Watsonia Road,Watsonia,VIC 3087"
IGA Xpress Lower Plenty,"101-105 Main Road,Lower Plenty,VIC 3093"
Burtons SUPA IGA,"75 Binney Street,Euroa,VIC 3666"
IGA Greensborough,"29 Civic Drive shop 1 & 2,Greensborough,VIC 3088"
APCO IGA Wodonga,"20 Romet Rd,West Wodonga,VIC 3690"
Ritchies SUPA IGA Diamond Creek,"64 Main Hurstbridge Road,Diamond Creek,VIC 3089"
IGA Xpress Hurstbridge,"796 Main Road,Hurstbridge,VIC 3099"
SUPA IGA Templestowe,"114 - 116 James Street,Templestowe,VIC 3106"
IGA Xpress Wonga Park,"70 Jumping Creek Road,Wonga Park,VIC 3115"
Quinton's SUPA IGA Warrandyte,"402 Warrandyte Rd,Warrandyte,VIC 3113"
Ritchies SUPA IGA Ringwood North,"204 Warrandyte Road,Ringwood North,VIC 3134"
IGA Xpress Croydon South,"13 The Mall,Croydon South,VIC 3136"
Paul's IGA Ringwood East,"82-90 Railway Avenue,Ringwood East,VIC 3135"
Renaissance IGA,"550 Glenferrie Rd,Hawthorn,VIC 3122"
IGA Xpress Armadale,"706 High Street,Armadale,VIC 3143"
IGA Xpress Buckleys,"92 Maling Rd (P.O Box 198),Canterbury,VIC 3126"
IGA Xpress Mitcham,"578-582 Mitcham Road,Mitcham,VIC 3132"
Ritchies SUPA IGA Wantirna,"Mountain Hwy Mall Shopping Centre,Wantirna,VIC 3152"
French's IGA Xpress Glen Waverley,"10-12 Kerrie Road,Glen Waverley,VIC 3150"
IGA Heathmont,"116 -120 Canterbury Road,Heathmont,VIC 3135"
IGA Camberwell,"1401 Toorak Road,Camberwell,VIC 3124"
IGA Gladstone,"48 Gladstone St,Gladstone,SA 5473"
IGA Burwood,"1424 Toorak Road,Camberwell,VIC 3124"
IGA Xpress Mid Camberwell,"188 Through Road,Camberwell,VIC 3124"
IGA Ashburton,"219 High St,Ashburton,VIC 3147"
IGA Xpress Mt Waverley,"14-16 Andrew Street,Mt Waverley,VIC 3149"
Ritchies SUPA IGA Mount Waverley,"283 Stephensons Road,Mount Waverley,VIC 3149"
IGA Xpress Oakleigh East,"2 Macrina Street,East Oakleigh,VIC 3166"
IGA Alchester,"7 Alchester Cres Shop 1 and 2,Boronia,VIC 3155"
IGA Montrose,"916 Mt Dandenong Road,Montrose,VIC 3765"
IGA Mt Dandenong,"1526 Mt Dandenong Tourist Road,Olinda,VIC 3788"
SUPA IGA Mt Evelyn,"38-40 York Road,Mount Evelyn,VIC 3796"
IGA X-Press Wandin North Plus Liquor,"388 Warburton Highway,Wandin North,VIC 3139"
IGA Xpress Ripponlea,"39 Glen Eira Road,Ripponlea,VIC 3182"
IGA Xpress East Malvern,"472-486 Waverley Road,Malvern East,VIC 3145"
Malvern East X-press IGA,"1368 - 1372 Malvern Rd,Malvern,VIC 3145"
Carnegie IGA Plus Liquor,"Shop 2/18-20 Woorayl Street,Carnegie,VIC 3162"
IGA Xpress Malvern East Plus Liquor,"177-179 Waverley Road,Malvern East,VIC 3145"
IGA Gembrook Plus Liquor,"83-85 Main Street,Gembrook,VIC 3783"
Ritchies SUPA IGA Emerald,"342 Belgrave -Gembrook Road,Emerald,VIC 3782"
IGA Cockatoo,"34 McBride Street,Cockatoo,VIC 3781"
IGA Xpress Mulgrave,"36 Wanda St,Mulgrave,VIC 3150"
IGA Xpress Huntingdale,"301 Huntingdale Road,Huntingdale,VIC 3166"
IGA Studfield,"191-195 Stud Road,Wantirna South,VIC 3152"
Knoxfield IGA,"1579 Ferntree Gully Road,Knoxfield,VIC 3180"
IGA Ferntree Gully,"107 Station Street Shop 3,Ferntree Gully,VIC 3156"
IGA Upwey,"62-64 Main Street,Upwey,VIC 3158"
IGA Rowville Lakes,"150 Kellets Road,Rowville,VIC 3178"
IGA Belgrave South Plus Liquor,"151 Belgrave-Hallam Road,Belgrave South,VIC 3160"
Marcos IGA Narre Warren North,"Oakview Blvd Shop 2 Lot E,Narre Warren,VIC 3804"
IGA Xpress South Caulfield,"566 Hawthorn Road,South Caulfield,VIC 3162"
IGA Xpress Brighton East,"765A Hawthorn Road,East Brighton,VIC 3187"
Dockendorff's IGA,"12 Cochrane Street,Brighton North,VIC 3186"
IGA Ormond,"509 North Road,Ormond,VIC 3163"
IGA Bentleigh,"86-88 Patterson Road,Bentleigh,VIC 3204"
IGA X-press Murrumbeena,"235 Murrumbeena Road,Murrumbeena,VIC 3163"
Ritchies SUPA IGA East Bentleigh,"10-16 Heather Street,Bentleigh East,VIC 3165"
IGA Xpress Bentleigh East,"293 Chesterville Road,Bentleigh East,VIC 3165"
IGA Cheltenham,"39 Bernard Street Shop 1,Cheltenham,VIC 3192"
Michael's Fresh Food Market,"Cnr Springvale & Cheltenham Roads,Keysborough,VIC 3173"
Ritchies SUPA IGA Aspendale Gardens,"11 Narelle Drive Shop 1,Aspendale Gardens,VIC 3195"
IGA Chelsea Heights,"199 Thames Promenade,Chelsea Heights,VIC 3196"
IGA Xpress Edithvale,"235 Nepean Highway,Edithvale,VIC 3196"
Dandenong IGA,"78-84 Hemmings Street,Dandenong,VIC 3175"
Ritchies SUPA IGA Rowville,"Shop 18, 1100 Wellington Rd,Rowville,VIC 3178"
IGA Beaumaris,"6 - 12 South Concourse,Beaumaris,VIC 3193"
IGA Xpress Seaford North,"115 - 116 Railway Pde,Seaford North,VIC 3198"
Ritchies IGA Seaford,"280 Seaford Road,Seaford,VIC 3198"
IGA Xpress Frankston North,"54-56 Mahogany Avenue,Frankston North,VIC 3199"
Ritchies Carrum Downs,"1095 Frankston Dandenong Road,Carrum Downs,VIC 3201"
Ritchies IGA Frankston (Towerhill),"Cnr Hastings and Golf Linnks Road,Frankston,VIC 3199"
Ritchies IGA Frankston (Beach Street),"207-211 Beach Street,Frankston,VIC 3199"
IGA Mount Eliza,"89 Mt Eliza Way,Mount Eliza,VIC 3930"
IGA Xpress Melbourne (St Kilda Road),"320 St Kilda Road,Melbourne,VIC 3000"
IGA X-Press Mills Street,"163 Mills Street,Albert Park,VIC 3206"
IGA Port Melbourne Plus Liquor,"78 Bay Street,Port Melbourne,VIC 3207"
IGA Xpress APCO North Geelong,"343-355 Thompson Road,North Geelong,VIC 3215"
Newlanders IGA,"45-47 Hughes Street,Bell Park,VIC 3215"
IGA Xpress Vallis,"53 North Valley Drive,Highton,VIC 3216"
Champions SUPA IGA Grovedale East,"142-146 Marshalltown Road,Grovedale East,VIC 3216"
Champions IGA Grovedale Central,"79 Heyers Rd Shop 15-17,Grovedale,VIC 3216"
IGA Xpress APCO Newcomb,"64 Portarlington Road,Newcomb,VIC 3219"
IGA Point Lonsdale,"93-97 Point Lonsdale Road,Point Lonsdale,VIC 3225"
IGA Queenscliff,"75 Hesse Street,Queenscliff,VIC 3225"
IGA St Leonards,"1370 Murradoc Road,St Leonards,VIC 3223"
IGA Barwon Heads,"3 Bridge Road,Barwon Heads,VIC 3227"
Ryans IGA Torquay,"9 Gilbert Street,Torquay,VIC 3228"
IGA Anglesea,"Shop 5-8, 87-89 Great Ocean Road,Anglesea,VIC 3230"
IGA Winchelsea,"29 Main Street,Winchelsea,VIC 3241"
IGA Apollo Bay Plus Liquor,"103-109 Great Ocean Road,Apollo Bay,VIC 3233"
IGA Colac East,"62-66 Murray Street,Colac East,VIC 3250"
Ritchies IGA Camperdown,"139 Manifold Street,Camperdown,VIC 3260"
Terang Co-Op SUPA IGA Plus Liquor,"30 - 38 High Street,Terang,VIC 3264"
IGA Xpress Terang,"79 High Street,Terang,VIC 3264"
Ritchies IGA Cobden,"24 Curdie St,Cobden,VIC 3266"
Ritchies IGA Timboon,"27 Main Street,Timboon,VIC 3268"
IGA Bates Plus Liquor,"47 Officer Street,Mortlake,VIC 3272"
IGA Xpress Warrnambool,"98 Hopkins Highway,Warrnambool,VIC 3280"
Warrnambool SUPA IGA,"221 Timor Street,Warrnambool,VIC 3280"
Daly's IGA Koroit,"150 Commercial Rd,Koroit,VIC 3282"
Port Fairy IGA,"34 Sackville St,Port Fairy,VIC 3284"
Ritchies SUPA IGA Hamilton,"72 Lonsdale Street,Hamilton,VIC 3300"
Mt Gambier IGA Swallow Drive,"16 Swallow Drive,Mt Gambier,SA 5290"
Mt Gambier IGA Montebello,"73-75 Suttontown Road,Mt Gambier,SA 5290"
Daly's IGA Heywood,"60-64 Edgar Street,Heywood,VIC 3304"
Portland SUPA IGA,"22-24 Percy Street,Portland,VIC 3305"
IGA Coleraine,"86 Whyte Street,Coleraine,VIC 3315"
IGA Xpress Goroke,"26 Main Street,Goroke,VIC 3412"
Country Grocer IGA Skipton,"15 Montgomery Street,Skipton,VIC 3361"
Country Grocer IGA Smythesdale,"40 Brooke Street,Smythesdale,VIC 3351"
Ryans IGA Midvale,"1174 Geelong Road,Mount Clear,VIC 3350"
Ryans IGA Mt Clear,"1168-1172 Geelong Road,Mt Clear,VIC 3350"
Ryans IGA Pleasant Park,"Cnr Sturt & Pleasant Sts,Ballarat,VIC 3350"
Ryans IGA Northway,"Cnr Norman & Doveton Streets,Ballarat,VIC 3350"
Morgan's SUPA IGA Melton,"331 - 335 High Street,Melton,VIC 3337"
Champions IGA Bacchus Marsh,"Cnr Gisborne Road and Grey Street,Bacchus Marsh,VIC 3340"
IGA Xpress Macedon,"20 Victoria Street,Macedon,VIC 3440"
Country Grocers IGA Ballan,"135 Inglis Street,Ballan,VIC 3342"
Ritchies SUPA IGA Miners Rest,"181-183 Howe Street,Miners Rest,VIC 3352"
IGA Creswick,"48 Albert Street,Creswick,VIC 3363"
IGA Clunes,"1 Service Street,Clunes,VIC 3370"
Ryans IGA Beaufort,"39 Neill Street,Beaufort,VIC 3373"
Ritchies SUPA IGA Stawell,"126 - 130 Main St,Stawell,VIC 3380"
Ritchies SUPA IGA Ararat,"58-66 Vincent St,Ararat,VIC 3377"
IGA Xpress Minyip,"54-58 Main Street,Minyip,VIC 3392"
Ritchies SUPA IGA Warracknabeal,"141 Scott Street,Warracknabeal,VIC 3393"
Hopetoun IGA Austin Street,"14 Austin Street,Hopetoun,VIC 3396"
IGA Dimboola Plus Liquor,"15-19 Lochiel Street,Dimboola,VIC 3414"
IGA Kaniva,"68 Commercial Street,Kaniva,VIC 3419"
SUPA IGA Nhill,"90 Nelson Street,Nhill,VIC 3418"
Rainbow IGA,"36 Federal Street,Rainbow,VIC 3424"
Morgan's SUPA IGA Sunbury,"98 - 122 Cnr Station & O'Shanassy Street,Sunbury,VIC 3429"
Morgan's Supa IGA Gisborne,"Cnr Robertson & Brantome Street,Gisborne,VIC 3437"
SUPA IGA Romsey,"107 Main Street Shop 12,Romsey,VIC 3434"
IGA Lancefield,"21 High Street,Lancefield,VIC 3435"
SUPA IGA Kyneton,"60 Mollison Street,Kyneton,VIC 3444"
Maxi SUPA IGA,"Cnr Mostyn and Hargrave Street,Castlemaine,VIC 3450"
IGA Castlemaine Plus Liquor,"241 Barker Street,Castlemaine,VIC 3450"
IGA Trentham,"28 High Street,Trentham,VIC 3458"
IGA Maldon Plus Liquor,"11-17 Main Street,Maldon,VIC 3463"
IGA Xpress Avoca,"170-172 High Street,Avoca,VIC 3467"
Weirs SUPA IGA St Arnaud,"43 - 47 Napier Street,St Arnaud,VIC 3478"
Champions IGA Inglewood,"36 Brooke Street,Inglewood,VIC 3517"
Weir's IGA,"41 - 43 Woods Street,Donald,VIC 3480"
IGA Birchip,"35-37 Cumming Avenue,Birchip,VIC 3483"
Jason's IGA Ouyen,"64-66 Oke Street,Ouyen,VIC 3490"
Ritchies SUPA IGA Red Cliffs,"5 - 13 Ilex Street,Red Cliffs,VIC 3496"
IGA SUPA Fishers Irymple (Ritchies),"2109 - 2111 15th Street,Irymple,VIC 3498"
IGA SUPA Fishers Mildura (Ritchies),"103-123 Deakin Street,Mildura,VIC 3500"
Buronga IGA X-press,"141 Sturt Highway,Buronga,NSW 2739"
Ritchies SUPA IGA Merbein,"100 - 106 Commercial Street,Merbein,VIC 3505"
IGA Dareton Plus Liquor,"31-37 Tapio Street,Dareton,NSW 2717"
IGA Lameroo,"68 Railway Terrace,Lameroo,SA 5302"
IGA Maiden Gully,"737 Calder Highway,Maiden Gully,VIC 3551"
Fairleys SUPA IGA Eaglehawk,"93 Victoria Street,Eaglehawk,VIC 3556"
Champions SUPA IGA Long Gully,"3 Wood Street,Long Gully,VIC 3550"
Champions SUPA IGA Kangaroo Flat,"20 Station St,Kangaroo Flat,VIC 3555"
IGA Boort Plus Liquor,"96 Godfrey Street,Boort,VIC 3537"
IGA Broadford,"65 High Street,Broadford,VIC 3658"
Champions SUPA IGA Heathcote,"175 Hight Street,Heathcote,VIC 3523"
Tormey's IGA Charlton Plus Liquor,"28 High Street,Charlton,VIC 3525"
IGA Wycheproof,"316-320 The Broadway,Wycheproof,VIC 3527"
IGA Xpress Nyah West,"Monash Avenue,Nyah West,VIC 3595"
IGA SUPA Fishers Robinvale (Ritchies),"1-12 Latje Road,Robinvale,VIC 3549"
Strathfieldsaye SUPA IGA,"939 Wellington Road,Strathfieldsaye,VIC 3551"
IGA Xpress Huntly Plus Liquor,"619 Midland Highway Shop 4,Huntly,VIC 3551"
IGA Elmore,"72-76 Railway Place,Elmore,VIC 3558"
SUPA IGA Rochester,"12-20 Gillies Street,Rochester,VIC 3561"
IGA Xpress Leitchville,"King Albert Avenue,Leitchville,VIC 3567"
IGA Xpress Echuca,"39 Haverfield Street,Echuca,VIC 3564"
The Una IGA,"49 King George Street,Cohuna,VIC 3568"
IGA Kerang Plus Liquor,"60a Victoria Street,Kerang,VIC 3579"
Barham IGA,"33 Murray Street,Barham,NSW 2739"
Nagambie IGA,"256-261 High Street,Nagambie,VIC 3608"
Ritchies SUPA IGA Tatura,"2-4 Walsh Street,Tatura,VIC 3616"
IGA Rushworth Plus Liquor,"18 High Street,Rushworth,VIC 3612"
Ritchies SUPA IGA Kyabram,"16-26 Albion Street,Kyabram,VIC 3620"
IGA Tongala Plus Liquor,"31 Mangan Street,Tongala,VIC 3621"
Fairleys SUPA IGA,"177-193 Numurkah Road,Shepparton,VIC 3630"
IGA Xpress Shepparton,"16-18 Poplar Ave,Shepparton,VIC 3630"
Ritchies IGA Numurkah,"2-4 Melville Street,Numurkah,VIC 3636"
Nathalia IGA (TJ,"13-19 Blake Street,Nathalia,VIC 3638"
Tocumwal IGA,"24-26 Deniliquin Street,Tocumwal,NSW 2714"
Barooga IGA X-press,"20 Vermont Street,Barooga,VIC 3644"
Ritchies SUPA IGA Cobram,"47 Bank Street,Cobram,VIC 3644"
O'Keefe's IGA Seymour,"115 Anzac Avenue Shop 10,Seymour,VIC 3660"
Marks SUPA IGA Mansfield,"47 High Street,Mansfield,VIC 3722"
Ritchies IGA Beechworth,"24 Loch Street,Beechworth,VIC 3747"
IGA Rutherglen,"95 Main Street,Rutherglen,VIC 3685"
Chiltern IGA,"36 Conness Street,Chiltern,VIC 3683"
SUPA IGA Corowa,"Cnr Riesling & River Street,Corowa,NSW 2646"
Tallangatta IGA,"25 Towong Street,Tallangatta,VIC 3700"
Ritchies Bright SUPA IGA,"16 Ireland Street,Bright,VIC 3741"
IGA Xpress Eskdale,"3764 Omeo Highway,Eskdale,VIC 3701"
IGA Corryong,"24-30 Hansen Street,Corryong,VIC 3707"
IGA Xpress Corryong,"989 Murray Valley,Corryong,VIC 3707"
Warburton IGA Plus Liquor,"3465 Warburton Highway,Warburton,VIC 3799"
Ritchies SUPA IGA Yarrawonga,"2 - 10 Belmore Street,Yarrawonga,VIC 3730"
IGA Wandong,"3272 Epping Kilmore Road,Wandong,VIC 3272"
Champion's SUPA IGA Whittlesea,"2-16 Church Street,Whittlesea,VIC 3757"
Ritchies SUPA IGA Yarra Glen,"38 Bell Street Shop 1,Yarra Glen,VIC 3775"
IGA Xpress Healesville,"199 Maroondah Highway,Healesville,VIC 3777"
Ritchies IGA Narre Warren,"14 Webb Street,Narre Warren,VIC 3805"
Ritchies IGA Narre Warren South Plus Liquor,"245 Ormond Rd Amberley Park Shopping Centre,Narre Warren South,VIC 3805"
Eve IGA,"2-10 William Thwaites Boulevard,Cranbourne North,VIC 3977"
Ritchies SUPA IGA Cranbourne,"23 High Street,Cranbourne,VIC 3977"
IGA Bunyip,"2-6 Main Street,Bunyip,VIC 3815"
IGA Neerim South Plus Liquor,"147 Main Neerim Road,Neerim South,VIC 3831"
IGA Trafalgar,"5 McCrorey St,Trafalgar,VIC 3824"
Moe IGA Plus Liquor,"41-45 Elizabeth Street,Moe,VIC 3825"
IGA Morwell,"61A Bridle Road,Morwell,VIC 3840"
Ritchies SUPA IGA Churchill,"Georgina Way Shop 8,Churchill,VIC 3842"
IGA Rosedale Plus Liquor,"17-19 Prince Street,Rosedale,VIC 3847"
Ritchies SUPA IGA Sale,"177-179 York Street,Sale,VIC 3850"
Glengarry IGA Plus Liquor,"21-23 Main Street,Glengarry,VIC 3854"
IGA Heyfield,"18-22 George Street,Heyfield,VIC 3858"
Ritchies SUPA IGA Maffra,"102 - 106 Johnson Street,Maffra,VIC 3860"
IGA Stratford,"67 Tyers Street,Stratford,VIC 3862"
IGA Xpress APCO Bairnsdale,"456 Main Street,Bairnsdale,VIC 3875"
Ritchies SUPA IGA Bairnsdale,"30 Howitt Avenue,Bairnsdale,VIC 3875"
Mirboo North IGA,"72-74 Ridgeway,Mirboo North,VIC 3871"
IGA SUPA Ritchies Paynesville,"Wellington Street Shop 3-5,Paynesville,VIC 3880"
IGA Xpress Orbost Plus Liquor,"168 Nicholson Street,Orbost,VIC 3888"
IGA Bombala,"128 Maybe Street,Bombala,NSW 2632"
IGA Mallacoota,"49 Maurice Ave,Mallacoota,VIC 3389"
Morgan's SUPA IGA Glengala,"Great Alpine Road & Cassilis Road,Swifts Creek,VIC 3896"
Ritchies IGA Somerville,"2 Eramosa Road,Somerville,VIC 3912"
Tyabb IGA X-press,"1537 Frankston-Flinders Road,Tyabb,VIC 3913"
IGA Pearcedale,"Baxter-Tooradin Rd Shop 10-11,Pearcedale,VIC 3912"
IGA Cranbourne West,"85 Everlasting Blvd,Cranbourne West,VIC 3977"
Ritchies SUPA IGA Hastings,"Corner of High and Salmon Streets,Hastings,VIC 3915"
IGA Bittern,"2428-2436 Frankston-Flinders Rd,Bittern,VIC 3918"
Ritchies SUPA IGA Balnarring,"1 Russell Street,Balnarring,VIC 3926"
IGA San Remo,"135 Marine Parade,San Remo,VIC 3925"
IGA Cowes,"161-163 Thompson Ave,Cowes,VIC 3922"
Ritchies SUPA IGA Dromana,"Cnr O'DOnohue & Point Nepean Rd,Dromana,VIC 3936"
Ritchies SUPA IGA Mt Martha,"8-16 Lochiel Avenue,Mt Martha,VIC 3934"
IGA X-press Blairgowrie,"2833-2835 Point Nepean Road,Blairgowrie,VIC 3942"
IGA X-press Stringers,"2-8 Ocean Beach Road,Sorrento,VIC 3943"
Ritchies IGA Sorrento,"108 Ocean Beach Road,Sorrento,VIC 3943"
IGA Xpress Poowong,"17-19 Main Street,Poowong,VIC 3988"
Michael's SUPA IGA Korumburra,"1 South Railway Crescent,Korumburra,VIC 3950"
Michael's SUPA IGA,"Cnr Church and Bruce Streets,Leongatha,VIC 3953"
IGA Tarwin Lower,"45 River Drive,Tarwin Lower,VIC 3956"
IGA Meeniyan,"100 - 102 Whitelaw Street,Meeniyan,VIC 3956"
Foster IGA,"58 Main Street,Foster,VIC 3960"
Ritchies SUPA IGA Wonthaggi,"160 Graham Street,Wonthaggi,VIC 3995"
Tooradin IGA,"104 South Gippsland Hwy,Tooradin,VIC 3980"
Lang Lang IGA Plus Liquor,"30-32 Westernport Road,Lang Lang,VIC 3984"
