Name,Address
IGA Bentleigh,"86-88 Patterson Road,Bentleigh,VIC 3204"
IGA Xpress Brighton East,"765A Hawthorn Road,East Brighton,VIC 3187"
IGA Ormond,"509 North Road,Ormond,VIC 3163"
Ritchies SUPA IGA East Bentleigh,"10-16 Heather Street,Bentleigh East,VIC 3165"
IGA Xpress Bentleigh East,"293 Chesterville Road,Bentleigh East,VIC 3165"
South Yarra IGA X-press,"113-115 Toorak Road,South Yarra,VIC 3141"
Toorak Road IGA,"172-174 Toorak Road,South Yarra,VIC 3141"
IGA Xpress Melbourne (Commercial Rd),"19 Commercial Road,Melbourne,VIC 3000"
IGA Xpress South Melbourne (Park St),"36-38 Park St,South Melbourne,VIC 3205"
IGA Xpress Melbourne (St Kilda Road),"320 St Kilda Road,Melbourne,VIC 3000"
IGA Xpress Melbourne (Queen St),"85 Queen Street,Melbourne,VIC 3000"
IGA Xpress Melbourne (Collins St),"470 Collins Street,Melbourne,VIC 3000"
IGA Xpress Freshwater Place,"6 Freshwater Place,Southbank,VIC 3006"
IGA Xpress Southbank,"89 City Road,Southbank,VIC 3006"
IGA X-press 370 Queen Street,"370 Queen Street,Melbourne,VIC 3000"
IGA X-press Walsh Bay,"16A Hickson Road,Dawes Point,NSW 2000"
Romeos IGA Food Hall Martin Place,"Level 4 MLC centre Martin Place,Sydney,NSW 2000"
North Sydney IGA Plus Liquor,"Greenwood Plaza Shop 24,North Sydney,NSW 2060"
IGA X-press Pyrmont,"1-29 Bunn Street Shop 121,Pyrmont,NSW 2009"
IGA Darlinghurst,"23 Oxford Street,Darlinghurst,NSW 2010"
